{
  "$schema": "https://developer.microsoft.com/en-us/json-schemas/teams/v1.5/MicrosoftTeams.schema.json",
  "name.short": "أسئلة متداولة Plus فريق خبراء",
  "description.short": "روبوت الأسئلة المتداولة سهل الاستخدام الذي يجيب عن الأسئلة ويوصلك بالخبراء.",
  "description.full": "روبوت الأسئلة والإجابات سهل الاستخدام الذي يجيب عن الأسئلة الشائعة المطروحة. إذا لم يستطع الإجابة، فسيوصلك بأحد الخبراء فور توفره.",
  "bots[0].commandLists[0].commands[0].title": "القيام بجولة",
  "bots[0].commandLists[0].commands[0].description": "جولة للتعرّف على الميزات الأساسية",
  "bots[0].commandLists[0].commands[1].title": "سؤال خبير",
  "bots[0].commandLists[0].commands[1].description": "التواصل مع خبير",
  "bots[0].commandLists[0].commands[2].title": "مشاركة ملاحظات",
  "bots[0].commandLists[0].commands[2].description": "إرسال ملاحظات",
  "staticTabs[0].name": "التعليمات",
  "composeExtensions[0].commands[0].title": "الأخيرة",
  "composeExtensions[0].commands[0].description": "البحث في الطلبات الأخيرة",
  "composeExtensions[0].commands[0].parameters[0].title": "بحث",
  "composeExtensions[0].commands[0].parameters[0].description": "بحث في التذاكر",
  "composeExtensions[0].commands[1].title": "غير المعينة",
  "composeExtensions[0].commands[1].description": "بحث في الطلبات غير المعينة بعد إلى خبير",
  "composeExtensions[0].commands[1].parameters[0].title": "بحث",
  "composeExtensions[0].commands[1].parameters[0].description": "بحث في التذاكر",
  "composeExtensions[0].commands[2].title": "المعينة",
  "composeExtensions[0].commands[2].description": "بحث في الطلبات المعينة إلى خبير",
  "composeExtensions[0].commands[2].parameters[0].title": "بحث",
  "composeExtensions[0].commands[2].parameters[0].description": "بحث في التذاكر",
  "composeExtensions[0].commands[3].title": "قاعدة المعارف",
  "composeExtensions[0].commands[3].description": "البحث في الطلبات الأخيرة",
  "composeExtensions[0].commands[3].parameters[0].title": "بحث",
  "composeExtensions[0].commands[3].parameters[0].description": "بحث في أزواج الأسئلة والإجابات لقاعدة المعارف",
  "composeExtensions[0].commands[4].title": "إضافة سؤال جديد",
  "composeExtensions[0].commands[4].description": "إضافة زوج جديد من الأسئلة والإجابات",
  "composeExtensions[0].commands[4].parameters[0].title": "إضافة سؤال",
  "composeExtensions[0].commands[4].parameters[0].description": "إضافة زوج جديد من الأسئلة والإجابات"
}