{
  "$schema": "https://developer.microsoft.com/en-us/json-schemas/teams/v1.5/MicrosoftTeams.schema.json",
  "name.short": "FAQ Plus (Expertenteam)",
  "description.short": "Ein freundlicher FAQ-Bot, der Fragen beantworten und Sie mit Experten verbindet.",
  "description.full": "Ein freundlicher Frage- und Antwort-Bot, der häufig gestellte Fragen beantwortet. Wenn er keine Antwort liefern kann, wird er Sie in Verbindung mit einem Experten bringen, sobald einer verfügbar ist.",
  "bots[0].commandLists[0].commands[0].title": "Einen Rundgang machen",
  "bots[0].commandLists[0].commands[0].description": "Rundgang durch Schlüsselfunktionen",
  "bots[0].commandLists[0].commands[1].title": "Einen Experten fragen",
  "bots[0].commandLists[0].commands[1].description": "Mit einem Experten verbinden",
  "bots[0].commandLists[0].commands[2].title": "Feedback teilen",
  "bots[0].commandLists[0].commands[2].description": "Feedback senden",
  "staticTabs[0].name": "Hilfe",
  "composeExtensions[0].commands[0].title": "Zuletzt verwendet",
  "composeExtensions[0].commands[0].description": "Aktuelle Anfragen durchsuchen",
  "composeExtensions[0].commands[0].parameters[0].title": "Suchen",
  "composeExtensions[0].commands[0].parameters[0].description": "Tickets suchen",
  "composeExtensions[0].commands[1].title": "Nicht zugeordnet",
  "composeExtensions[0].commands[1].description": "Nicht zugewiesene Suchanforderungen suchen, die noch nicht einem Experten zugewiesen sind",
  "composeExtensions[0].commands[1].parameters[0].title": "Suchen",
  "composeExtensions[0].commands[1].parameters[0].description": "Tickets suchen",
  "composeExtensions[0].commands[2].title": "Zugewiesen",
  "composeExtensions[0].commands[2].description": "Einem Experten zugewiesene Suchanforderungen",
  "composeExtensions[0].commands[2].parameters[0].title": "Suchen",
  "composeExtensions[0].commands[2].parameters[0].description": "Tickets suchen",
  "composeExtensions[0].commands[3].title": "Wissensdatenbank",
  "composeExtensions[0].commands[3].description": "Aktuelle Anfragen durchsuchen",
  "composeExtensions[0].commands[3].parameters[0].title": "Suchen",
  "composeExtensions[0].commands[3].parameters[0].description": "Search KB QnA pairs",
  "composeExtensions[0].commands[4].title": "Neue Frage hinzufügen",
  "composeExtensions[0].commands[4].description": "Neues QnA-Paar hinzufügen",
  "composeExtensions[0].commands[4].parameters[0].title": "Frage hinzufügen",
  "composeExtensions[0].commands[4].parameters[0].description": "Neues QnA-Paar hinzufügen"
}