{
  "$schema": "https://developer.microsoft.com/en-us/json-schemas/teams/v1.5/MicrosoftTeams.schema.json",
  "name.short": "P+F Plus (equipo de expertos)",
  "description.short": "Un bot de preguntas frecuentes que responde preguntas y le conecta con expertos.",
  "description.full": "Un bot de preguntas y respuestas descriptiva que responde a las preguntas más frecuentes. Si no puede responder, le pondrá en contacto con un experto tan pronto como esté disponible.",
  "bots[0].commandLists[0].commands[0].title": "Visita guiada",
  "bots[0].commandLists[0].commands[0].description": "Paseo por las características clave",
  "bots[0].commandLists[0].commands[1].title": "Preguntar a un experto",
  "bots[0].commandLists[0].commands[1].description": "Conectar con un experto",
  "bots[0].commandLists[0].commands[2].title": "Compartir comentarios",
  "bots[0].commandLists[0].commands[2].description": "Enviar comentarios",
  "staticTabs[0].name": "Ayuda",
  "composeExtensions[0].commands[0].title": "Reciente",
  "composeExtensions[0].commands[0].description": "Buscar solicitudes recientes",
  "composeExtensions[0].commands[0].parameters[0].title": "Buscar",
  "composeExtensions[0].commands[0].parameters[0].description": "Buscar vales",
  "composeExtensions[0].commands[1].title": "Sin asignar",
  "composeExtensions[0].commands[1].description": "Buscar solicitudes sin asignar aún no asignadas a un experto",
  "composeExtensions[0].commands[1].parameters[0].title": "Buscar",
  "composeExtensions[0].commands[1].parameters[0].description": "Buscar vales",
  "composeExtensions[0].commands[2].title": "Asignado",
  "composeExtensions[0].commands[2].description": "Buscar solicitudes asignadas a un experto",
  "composeExtensions[0].commands[2].parameters[0].title": "Buscar",
  "composeExtensions[0].commands[2].parameters[0].description": "Buscar vales",
  "composeExtensions[0].commands[3].title": "Knowledge base",
  "composeExtensions[0].commands[3].description": "Buscar solicitudes recientes",
  "composeExtensions[0].commands[3].parameters[0].title": "Buscar",
  "composeExtensions[0].commands[3].parameters[0].description": "Buscar pares de QnA de KB",
  "composeExtensions[0].commands[4].title": "Agregar una nueva pregunta",
  "composeExtensions[0].commands[4].description": "Agregar un nuevo par de QnA",
  "composeExtensions[0].commands[4].parameters[0].title": "Agregar una pregunta",
  "composeExtensions[0].commands[4].parameters[0].description": "Agregar un nuevo par de QnA"
}