{
  "$schema": "https://developer.microsoft.com/en-us/json-schemas/teams/v1.5/MicrosoftTeams.schema.json",
  "name.short": "FAQ Plus (équipe d’experts)",
  "description.short": "Réponses et rencontre d’experts à l’aide d’un bot de FAQ amical.",
  "description.full": "Un robot de question/réponses amical qui répond aux questions fréquemment posées. S’il ne peut pas y répondre, il vous mettra en contact avec un expert dès que celui ou celle-ci sera disponible.",
  "bots[0].commandLists[0].commands[0].title": "Suivre la visite guidée",
  "bots[0].commandLists[0].commands[0].description": "Visite guidée des principales fonctionnalités",
  "bots[0].commandLists[0].commands[1].title": "Demander à un expert",
  "bots[0].commandLists[0].commands[1].description": "Contacter un expert",
  "bots[0].commandLists[0].commands[2].title": "Partager des commentaires",
  "bots[0].commandLists[0].commands[2].description": "Envoyer des commentaires",
  "staticTabs[0].name": "Aide",
  "composeExtensions[0].commands[0].title": "Récents",
  "composeExtensions[0].commands[0].description": "Rechercher dans les demandes récentes",
  "composeExtensions[0].commands[0].parameters[0].title": "Rechercher",
  "composeExtensions[0].commands[0].parameters[0].description": "Rechercher des tickets",
  "composeExtensions[0].commands[1].title": "Non affectées",
  "composeExtensions[0].commands[1].description": "Recherchez les demandes qui ne sont pas encore affectées à un expert",
  "composeExtensions[0].commands[1].parameters[0].title": "Rechercher",
  "composeExtensions[0].commands[1].parameters[0].description": "Rechercher des tickets",
  "composeExtensions[0].commands[2].title": "Affectées",
  "composeExtensions[0].commands[2].description": "Recherchez parmi les demandes affectées à un expert",
  "composeExtensions[0].commands[2].parameters[0].title": "Rechercher",
  "composeExtensions[0].commands[2].parameters[0].description": "Rechercher des tickets",
  "composeExtensions[0].commands[3].title": "Base de connaissances",
  "composeExtensions[0].commands[3].description": "Rechercher dans les demandes récentes",
  "composeExtensions[0].commands[3].parameters[0].title": "Rechercher",
  "composeExtensions[0].commands[3].parameters[0].description": "Rechercher les paires en Q/R de base de connaissances",
  "composeExtensions[0].commands[4].title": "Ajouter une nouvelle question",
  "composeExtensions[0].commands[4].description": "Ajouter une nouvelle paire de Q/R",
  "composeExtensions[0].commands[4].parameters[0].title": "Ajouter une question",
  "composeExtensions[0].commands[4].parameters[0].description": "Ajouter une nouvelle paire de Q/R"
}