{
  "$schema": "https://developer.microsoft.com/en-us/json-schemas/teams/v1.5/MicrosoftTeams.schema.json",
  "name.short": "Perg.+ Freq. (Equipe de Esp.)",
  "description.short": "Um bot amigo de FAQ que responde a perguntas e conecta você a especialistas.",
  "description.full": "Um bot de perguntas e respostas amigáveis que responde às perguntas mais frequentes. Se ele não puder responder, você entrará em contato com um especialista assim que estiver disponível.",
  "bots[0].commandLists[0].commands[0].title": "Faça um tour",
  "bots[0].commandLists[0].commands[0].description": "Tour pelos principais recursos",
  "bots[0].commandLists[0].commands[1].title": "Pergunte a um especialista",
  "bots[0].commandLists[0].commands[1].description": "Conecte-se com um especialista",
  "bots[0].commandLists[0].commands[2].title": "Compartilhar comentários",
  "bots[0].commandLists[0].commands[2].description": "Enviar comentários",
  "staticTabs[0].name": "Ajuda",
  "composeExtensions[0].commands[0].title": "Recentes",
  "composeExtensions[0].commands[0].description": "Pesquisar solicitações recentes",
  "composeExtensions[0].commands[0].parameters[0].title": "Pesquisar",
  "composeExtensions[0].commands[0].parameters[0].description": "Pesquisar tíquetes",
  "composeExtensions[0].commands[1].title": "Não atribuída",
  "composeExtensions[0].commands[1].description": "Pesquisa solicitações não atribuídas que ainda não foram atribuídas a um especialista",
  "composeExtensions[0].commands[1].parameters[0].title": "Pesquisar",
  "composeExtensions[0].commands[1].parameters[0].description": "Pesquisar tíquetes",
  "composeExtensions[0].commands[2].title": "Atribuída",
  "composeExtensions[0].commands[2].description": "Solicitações de pesquisa atribuídas a um especialista",
  "composeExtensions[0].commands[2].parameters[0].title": "Pesquisar",
  "composeExtensions[0].commands[2].parameters[0].description": "Pesquisar tíquetes",
  "composeExtensions[0].commands[3].title": "Base de dados de conhecimento",
  "composeExtensions[0].commands[3].description": "Pesquisar solicitações recentes",
  "composeExtensions[0].commands[3].parameters[0].title": "Pesquisar",
  "composeExtensions[0].commands[3].parameters[0].description": "Pesquisar pares de Perguntas e Respostas na Base de Dados de Conhecimento",
  "composeExtensions[0].commands[4].title": "Adicionar nova pergunta",
  "composeExtensions[0].commands[4].description": "Adicionar um novo par de perquntas e respostas",
  "composeExtensions[0].commands[4].parameters[0].title": "Adicionar uma pergunta",
  "composeExtensions[0].commands[4].parameters[0].description": "Adicionar um novo par de perquntas e respostas"
}