{
  "$schema": "https://developer.microsoft.com/en-us/json-schemas/teams/v1.5/MicrosoftTeams.schema.json",
  "name.short": "常见问题解答增强版(专家团队)",
  "description.short": "友好的常见问题解答机器人，可解答问题并帮你联系专家。",
  "description.full": "友好的问与答机器人，可解答常见问题。如果无法解答，它会在专家有空时尽快为你联系专家。",
  "bots[0].commandLists[0].commands[0].title": "浏览",
  "bots[0].commandLists[0].commands[0].description": "主要功能导览",
  "bots[0].commandLists[0].commands[1].title": "咨询专家",
  "bots[0].commandLists[0].commands[1].description": "与专家联系",
  "bots[0].commandLists[0].commands[2].title": "共享反馈",
  "bots[0].commandLists[0].commands[2].description": "发送反馈",
  "staticTabs[0].name": "帮助",
  "composeExtensions[0].commands[0].title": "最近",
  "composeExtensions[0].commands[0].description": "搜索最近的请求",
  "composeExtensions[0].commands[0].parameters[0].title": "搜索",
  "composeExtensions[0].commands[0].parameters[0].description": "搜索票证",
  "composeExtensions[0].commands[1].title": "未分配",
  "composeExtensions[0].commands[1].description": "搜索尚未分配给专家的未分配请求",
  "composeExtensions[0].commands[1].parameters[0].title": "搜索",
  "composeExtensions[0].commands[1].parameters[0].description": "搜索票证",
  "composeExtensions[0].commands[2].title": "已分配",
  "composeExtensions[0].commands[2].description": "分配给专家的搜索请求",
  "composeExtensions[0].commands[2].parameters[0].title": "搜索",
  "composeExtensions[0].commands[2].parameters[0].description": "搜索票证",
  "composeExtensions[0].commands[3].title": "知识库",
  "composeExtensions[0].commands[3].description": "搜索最近的请求",
  "composeExtensions[0].commands[3].parameters[0].title": "搜索",
  "composeExtensions[0].commands[3].parameters[0].description": "搜索知识库问答对",
  "composeExtensions[0].commands[4].title": "添加新问题",
  "composeExtensions[0].commands[4].description": "添加新的问答对",
  "composeExtensions[0].commands[4].parameters[0].title": "添加问题",
  "composeExtensions[0].commands[4].parameters[0].description": "添加新的问答对"
}