{
  "$schema": "https://developer.microsoft.com/en-us/json-schemas/teams/v1.5/MicrosoftTeams.schema.json",
  "name.short": "FAQ Plus (Experts Team)",
  "description.short": "A friendly FAQ bot that answers questions and connects you to experts.",
  "description.full": "A friendly question and answer bot that answers commonly asked questions. If it can't answer, it will put you in touch with an expert as soon as they are available.",
  "bots[0].commandLists[0].commands[0].title": "Take a tour",
  "bots[0].commandLists[0].commands[0].description": "Tour of key features",
  "bots[0].commandLists[0].commands[1].title": "Ask an expert",
  "bots[0].commandLists[0].commands[1].description": "Connect with an expert",
  "bots[0].commandLists[0].commands[2].title": "Share feedback",
  "bots[0].commandLists[0].commands[2].description": "Send feedback",
  "staticTabs[0].name": "Help",
  "composeExtensions[0].commands[0].title": "Recent",
  "composeExtensions[0].commands[0].description": "Search recent requests",
  "composeExtensions[0].commands[0].parameters[0].title": "Search",
  "composeExtensions[0].commands[0].parameters[0].description": "Search tickets",
  "composeExtensions[0].commands[1].title": "Unassigned",
  "composeExtensions[0].commands[1].description": "Search unassigned requests not yet assigned to an expert",
  "composeExtensions[0].commands[1].parameters[0].title": "Search",
  "composeExtensions[0].commands[1].parameters[0].description": "Search tickets",
  "composeExtensions[0].commands[2].title": "Assigned",
  "composeExtensions[0].commands[2].description": "Search requests assigned to an expert",
  "composeExtensions[0].commands[2].parameters[0].title": "Search",
  "composeExtensions[0].commands[2].parameters[0].description": "Search tickets",
  "composeExtensions[0].commands[3].title": "Knowledge base",
  "composeExtensions[0].commands[3].description": "Search recent requests",
  "composeExtensions[0].commands[3].parameters[0].title": "Search",
  "composeExtensions[0].commands[3].parameters[0].description": "Search KB QnA pairs",
  "composeExtensions[0].commands[4].title": "Add new question",
  "composeExtensions[0].commands[4].description": "Add a new qna pair",
  "composeExtensions[0].commands[4].parameters[0].title": "Add a question",
  "composeExtensions[0].commands[4].parameters[0].description": "Add a new qna pair"
}