{
  "$schema": "https://developer.microsoft.com/en-us/json-schemas/teams/v1.5/MicrosoftTeams.schema.json",
  "name.short": "שאלות נפוצות פלוס -צוות מומחים",
  "description.short": "FAQ bot ידידותי שעונה על שאלות נפוצות ומקשר אותך למומחים.",
  "description.full": "bot ידידותי לניהול דיאלוג שאלות ותשובות עונה על שאלות נפוצות. אם הוא לא יודע לענות, הוא מקשר אותך למומחה ברגע שהוא זמין.",
  "bots[0].commandLists[0].commands[0].title": "צא לסיור",
  "bots[0].commandLists[0].commands[0].description": "סיבוב היכרות של תכונות מפתח",
  "bots[0].commandLists[0].commands[1].title": "שאל מומחה",
  "bots[0].commandLists[0].commands[1].description": "קשר למומחה",
  "bots[0].commandLists[0].commands[2].title": "שתף משוב",
  "bots[0].commandLists[0].commands[2].description": "שלח משוב",
  "staticTabs[0].name": "עזרה",
  "composeExtensions[0].commands[0].title": "מהזמן האחרון",
  "composeExtensions[0].commands[0].description": "חפש בקשות מהזמן האחרון",
  "composeExtensions[0].commands[0].parameters[0].title": "חפש",
  "composeExtensions[0].commands[0].parameters[0].description": "חיפוש כרטיסים",
  "composeExtensions[0].commands[1].title": "לא הוקצה",
  "composeExtensions[0].commands[1].description": "חפש בקשות שלא הוקצו עדיין לא הוקצו למומחים",
  "composeExtensions[0].commands[1].parameters[0].title": "חפש",
  "composeExtensions[0].commands[1].parameters[0].description": "חיפוש כרטיסים",
  "composeExtensions[0].commands[2].title": "הוקצה",
  "composeExtensions[0].commands[2].description": "חפש בקשות שהוקצו למומחה",
  "composeExtensions[0].commands[2].parameters[0].title": "חפש",
  "composeExtensions[0].commands[2].parameters[0].description": "חיפוש כרטיסים",
  "composeExtensions[0].commands[3].title": "בסיס ידע",
  "composeExtensions[0].commands[3].description": "חפש בקשות מהזמן האחרון",
  "composeExtensions[0].commands[3].parameters[0].title": "חפש",
  "composeExtensions[0].commands[3].parameters[0].description": "חפש KB בצמדי שאלות ותשובות.",
  "composeExtensions[0].commands[4].title": "הוסף שאלה חדשה",
  "composeExtensions[0].commands[4].description": "הוסף צמד חדש של שאלה ותשובה",
  "composeExtensions[0].commands[4].parameters[0].title": "הוסף שאלה",
  "composeExtensions[0].commands[4].parameters[0].description": "הוסף צמד חדש של שאלה ותשובה"
}