{
  "$schema": "https://developer.microsoft.com/en-us/json-schemas/teams/v1.5/MicrosoftTeams.schema.json",
  "name.short": "FAQ プラス (専門家チーム)",
  "description.short": "質問に答えて専門家に接続する、フレンドリーな FAQ ボットです。",
  "description.full": "よくある質問に答えるフレンドリーな質問と回答用のボットです。 回答できない場合は、専門家が対応できるようになり次第、専門家につなぎます。",
  "bots[0].commandLists[0].commands[0].title": "ツアーを開始",
  "bots[0].commandLists[0].commands[0].description": "主な機能のツアー",
  "bots[0].commandLists[0].commands[1].title": "専門家に質問する",
  "bots[0].commandLists[0].commands[1].description": "エキスパートにつなげる",
  "bots[0].commandLists[0].commands[2].title": "フィードバックを共有",
  "bots[0].commandLists[0].commands[2].description": "フィードバックを送信",
  "staticTabs[0].name": "ヘルプ",
  "composeExtensions[0].commands[0].title": "最近",
  "composeExtensions[0].commands[0].description": "最近のリクエストを検索する",
  "composeExtensions[0].commands[0].parameters[0].title": "検索",
  "composeExtensions[0].commands[0].parameters[0].description": "チケットを検索",
  "composeExtensions[0].commands[1].title": "未割り当て",
  "composeExtensions[0].commands[1].description": "エキスパートにまだ割り当てられていない未割り当ての要求を検索",
  "composeExtensions[0].commands[1].parameters[0].title": "検索",
  "composeExtensions[0].commands[1].parameters[0].description": "チケットを検索",
  "composeExtensions[0].commands[2].title": "割り当て済み",
  "composeExtensions[0].commands[2].description": "エキスパートに割り当てられた要求を検索",
  "composeExtensions[0].commands[2].parameters[0].title": "検索",
  "composeExtensions[0].commands[2].parameters[0].description": "チケットを検索",
  "composeExtensions[0].commands[3].title": "ナレッジ ベース",
  "composeExtensions[0].commands[3].description": "最近のリクエストを検索する",
  "composeExtensions[0].commands[3].parameters[0].title": "検索",
  "composeExtensions[0].commands[3].parameters[0].description": "KB QnA を検索する",
  "composeExtensions[0].commands[4].title": "新しい質問を追加する",
  "composeExtensions[0].commands[4].description": "新しい qna ペアの追加",
  "composeExtensions[0].commands[4].parameters[0].title": "質問を追加",
  "composeExtensions[0].commands[4].parameters[0].description": "新しい qna ペアの追加"
}