{
  "$schema": "https://developer.microsoft.com/en-us/json-schemas/teams/v1.5/MicrosoftTeams.schema.json",
  "name.short": "FAQ Plus(전문가 팀)",
  "description.short": "질문에 답변하고 전문가에게 연결하는 친숙한 FAQ 봇입니다.",
  "description.full": "흔히 묻는 질문에 답변하는 친근한 질문과 대답 봇입니다. 봇이 답변할 수 없는 경우, 가능한 한 빨리 전문가와 연락할 수 있도록 연결합니다.",
  "bots[0].commandLists[0].commands[0].title": "둘러보기",
  "bots[0].commandLists[0].commands[0].description": "주요 기능 둘러보기",
  "bots[0].commandLists[0].commands[1].title": "전문가에게 문의",
  "bots[0].commandLists[0].commands[1].description": "전문가와 연결",
  "bots[0].commandLists[0].commands[2].title": "피드백 공유",
  "bots[0].commandLists[0].commands[2].description": "피드백 보내기",
  "staticTabs[0].name": "도움말",
  "composeExtensions[0].commands[0].title": "최근",
  "composeExtensions[0].commands[0].description": "최근 요청 검색",
  "composeExtensions[0].commands[0].parameters[0].title": "검색",
  "composeExtensions[0].commands[0].parameters[0].description": "티켓 검색",
  "composeExtensions[0].commands[1].title": "할당 해제됨",
  "composeExtensions[0].commands[1].description": "검색되지 않은 요청이 전문가에 아직 할당되지 않았습니다.",
  "composeExtensions[0].commands[1].parameters[0].title": "검색",
  "composeExtensions[0].commands[1].parameters[0].description": "티켓 검색",
  "composeExtensions[0].commands[2].title": "할당됨",
  "composeExtensions[0].commands[2].description": "전문가에게 할당된 검색 요청",
  "composeExtensions[0].commands[2].parameters[0].title": "검색",
  "composeExtensions[0].commands[2].parameters[0].description": "티켓 검색",
  "composeExtensions[0].commands[3].title": "기술 자료",
  "composeExtensions[0].commands[3].description": "최근 요청 검색",
  "composeExtensions[0].commands[3].parameters[0].title": "검색",
  "composeExtensions[0].commands[3].parameters[0].description": "KB QnA 쌍 검색",
  "composeExtensions[0].commands[4].title": "새 질문 추가",
  "composeExtensions[0].commands[4].description": "새 qna 쌍 추가",
  "composeExtensions[0].commands[4].parameters[0].title": "질문 추가",
  "composeExtensions[0].commands[4].parameters[0].description": "새 qna 쌍 추가"
}