{
  "$schema": "https://developer.microsoft.com/en-us/json-schemas/teams/v1.5/MicrosoftTeams.schema.json",
  "name.short": "FAQ Плюс (команда экспертов)",
  "description.short": "Бот вопросов и ответов, отвечающий на вопросы и связывающий со специалистами.",
  "description.full": "Простой в использовании бот вопросов и ответов, который отвечает на часто задаваемые вопросы. Если бот не сможет ответить на вопрос, он свяжет вас с первым освободившимся специалистом.",
  "bots[0].commandLists[0].commands[0].title": "Обзор",
  "bots[0].commandLists[0].commands[0].description": "Обзор основных функций",
  "bots[0].commandLists[0].commands[1].title": "Вопрос специалисту",
  "bots[0].commandLists[0].commands[1].description": "Связаться с экспертом",
  "bots[0].commandLists[0].commands[2].title": "Отправить отзыв",
  "bots[0].commandLists[0].commands[2].description": "Отправить отзыв",
  "staticTabs[0].name": "Справка",
  "composeExtensions[0].commands[0].title": "Последние",
  "composeExtensions[0].commands[0].description": "Поиск последних запросов",
  "composeExtensions[0].commands[0].parameters[0].title": "Поиск",
  "composeExtensions[0].commands[0].parameters[0].description": "Поиск запросов",
  "composeExtensions[0].commands[1].title": "Не назначено",
  "composeExtensions[0].commands[1].description": "Поиск запросов, не назначенных эксперту",
  "composeExtensions[0].commands[1].parameters[0].title": "Поиск",
  "composeExtensions[0].commands[1].parameters[0].description": "Поиск запросов",
  "composeExtensions[0].commands[2].title": "Назначено",
  "composeExtensions[0].commands[2].description": "Поиск запросов, назначенных эксперту",
  "composeExtensions[0].commands[2].parameters[0].title": "Поиск",
  "composeExtensions[0].commands[2].parameters[0].description": "Поиск запросов",
  "composeExtensions[0].commands[3].title": "База знаний",
  "composeExtensions[0].commands[3].description": "Поиск последних запросов",
  "composeExtensions[0].commands[3].parameters[0].title": "Поиск",
  "composeExtensions[0].commands[3].parameters[0].description": "Поиск пар вопросов и ответов в базе знаний",
  "composeExtensions[0].commands[4].title": "Добавить новый вопрос",
  "composeExtensions[0].commands[4].description": "Добавить новую пару вопросов и ответов",
  "composeExtensions[0].commands[4].parameters[0].title": "Добавить вопрос",
  "composeExtensions[0].commands[4].parameters[0].description": "Добавить новую пару вопросов и ответов"
}