{
  "$schema": "https://developer.microsoft.com/en-us/json-schemas/teams/v1.5/MicrosoftTeams.schema.json",
  "name.short": "常見問題集增強版 (專家團隊)",
  "description.short": "友善的常見問題集 Bot，能回答問題並讓您與專家聯繫。",
  "description.full": "友善的問答 Bot，可回答常見問題。若無法回答，它會協助您聯繫有空的專家。",
  "bots[0].commandLists[0].commands[0].title": "導覽",
  "bots[0].commandLists[0].commands[0].description": "主要功能導覽",
  "bots[0].commandLists[0].commands[1].title": "詢問專家",
  "bots[0].commandLists[0].commands[1].description": "與專家聯繫",
  "bots[0].commandLists[0].commands[2].title": "分享意見反應",
  "bots[0].commandLists[0].commands[2].description": "傳送意見反應",
  "staticTabs[0].name": "說明",
  "composeExtensions[0].commands[0].title": "最近",
  "composeExtensions[0].commands[0].description": "搜尋最近的要求",
  "composeExtensions[0].commands[0].parameters[0].title": "搜尋",
  "composeExtensions[0].commands[0].parameters[0].description": "搜尋票證",
  "composeExtensions[0].commands[1].title": "未指派",
  "composeExtensions[0].commands[1].description": "搜尋尚未指派給專家的未指派要求",
  "composeExtensions[0].commands[1].parameters[0].title": "搜尋",
  "composeExtensions[0].commands[1].parameters[0].description": "搜尋票證",
  "composeExtensions[0].commands[2].title": "已指派",
  "composeExtensions[0].commands[2].description": "搜尋已指派給專家的要求",
  "composeExtensions[0].commands[2].parameters[0].title": "搜尋",
  "composeExtensions[0].commands[2].parameters[0].description": "搜尋票證",
  "composeExtensions[0].commands[3].title": "知識庫",
  "composeExtensions[0].commands[3].description": "搜尋最近的要求",
  "composeExtensions[0].commands[3].parameters[0].title": "搜尋",
  "composeExtensions[0].commands[3].parameters[0].description": "搜尋知識庫問答配對",
  "composeExtensions[0].commands[4].title": "新增問題",
  "composeExtensions[0].commands[4].description": "新增問答配對",
  "composeExtensions[0].commands[4].parameters[0].title": "新增問題",
  "composeExtensions[0].commands[4].parameters[0].description": "新增問答配對"
}