{
  "$schema": "https://developer.microsoft.com/en-us/json-schemas/teams/v1.5/MicrosoftTeams.schema.json",
  "name.short": "FAQ プラス",
  "description.short": "質問に答えて専門家に接続する、フレンドリーな FAQ ボットです。",
  "description.full": "よくある質問に答えるフレンドリーな質問と回答用のボットです。 回答できない場合は、専門家が対応できるようになり次第、専門家につなぎます。",
  "bots[0].commandLists[0].commands[0].title": "ツアーを開始",
  "bots[0].commandLists[0].commands[0].description": "主な機能のツアー",
  "bots[0].commandLists[0].commands[1].title": "専門家に質問する",
  "bots[0].commandLists[0].commands[1].description": "エキスパートにつなげる",
  "bots[0].commandLists[0].commands[2].title": "フィードバックを共有",
  "bots[0].commandLists[0].commands[2].description": "フィードバックを送信",
  "staticTabs[0].name": "ヘルプ"
}